{
	"465jrqwz": 0.2717504922494206,
	"4ibhcd": 0.23552036408956536,
	"213loebr": 0.19731331038631536,
	"185saoum": 0.2254118281265307,
	"510ukfya": 0.1893748442492913,
	"72hofny": 0.19242343846406484,
	"510utzpe": 0.3450092718846236,
	"37yzrfv": 0.18242718660834548,
	"196uirfb": 0.2252932497475678,
	"207npzke": 0.20954067174465468,
	"71kxhmb": 0.1790940415075674,
	"185mywrh": 0.25861975829880035,
	"240wjkqv": 0.3450092718846236,
	"289pngez": 0.24405946373471837,
	"214hxqmd": 0.1846463074971177,
	"240zbidf": 0.2317740854310132,
	"478gdmsv": 0.1853277836151504,
	"506xdloq": 0.2164984842997597,
	"289dmvqk": 0.20714282497380007,
	"403dnzkh": 0.27142067752166593,
	"127ueyhz": 0.35389065136048214,
	"478uhdqg": 0.27016450913125245,
	"481ligco": 0.2193734038394343,
	"211xieaq": 0.22850942643896038,
	"546cxilv": 0.1586744100058528,
	"18hnlad": 0.19326504739633116,
	"434kyviw": 0.24787170151389115,
	"53lhvqg": 0.18607747670149455,
	"70wjotp": 0.19339196362335428,
	"242rmdek": 0.22889829068074896,
	"276bhmjt": 0.21064745685321762,
	"124orliy": 0.17878094213607265,
	"334ygwnr": 0.23849791853128804,
	"124piyrx": 0.35160937759573085,
	"137sroit": 0.2966246527451911,
	"403uvsot": 0.16453966446953838,
	"103swkyb": 0.16683141192066572,
	"338lvknq": 0.18430017271088742,
	"15ucgip": 0.26278753170968094,
	"40gqmhw": 0.2955823534720914,
	"466qahcl": 0.286017202275908,
	"189bgrdz": 0.30285694775850325,
	"192usvtr": 0.20711013213727403,
	"288tjizc": 0.3450092718846236,
	"247jwhbk": 0.20391225213074726,
	"352ufpqa": 0.23896550969527147,
	"124pxjce": 0.18174722453077957,
	"458mhcuf": 0.21572255328756967,
	"162hsixd": 0.23276868366763917,
	"1nzxlo": 0.2413075686207503,
	"287mxtzj": 0.1851878948444424,
	"552drosu": 0.17331667347964666,
	"506vuahf": 0.27065224913343067,
	"112hosen": 0.2758329615212439,
	"70gxeft": 0.17256760977394978,
	"384wxzdt": 0.2893646552671233,
	"196cqbxr": 0.17875874740213904,
	"331wsbfr": 0.24060686832603118,
	"92wtvfc": 0.2195909798574539,
	"213gorpn": 0.23462374872298003,
	"8dklhb": 0.19891975472136603,
	"34vusnz": 0.30143942912369326,
	"18kdarb": 0.3268050071969711,
	"21inrwq": 0.21301117564943364,
	"53viqrz": 0.2855530261717453,
	"384ytqem": 0.18360480331039097,
	"139ivbmw": 0.2290764328662675,
	"154dmlwp": 0.2964226793215578,
	"144ehkwg": 0.2298216456457389,
	"306mrhps": 0.2251753823364405,
	"9tpwml": 0.2138865340306084,
	"182kghzm": 0.37548621597986764,
	"163etgdy": 0.18250093953850036,
	"207glmuw": 0.2075677134500081,
	"228rucfo": 0.30908027324896475,
	"23muoln": 0.2178825076541149,
	"241npdmw": 0.21572255328756967,
	"398icuqb": 0.215100255943131,
	"299idehv": 0.1898955419986197,
	"458cdzjk": 0.1944637017591546,
	"16qrvus": 0.2087448309465889,
	"401rbwqd": 0.2405850297952154,
	"154lchzb": 0.22942343345612745,
	"40prlky": 0.261297536200248,
	"26tqhma": 0.16896906821141308,
	"446tnxaz": 0.26228748492823384,
	"466igkda": 0.2296847077371923,
	"104hslmi": 0.20182733630314778,
	"487tlzox": 0.25551889693055896,
	"221tfvom": 0.24312498687606207,
	"250bkctj": 0.23630579706199284,
	"446iefkp": 0.17967212785161824,
	"228pmwcn": 0.3090805823295471,
	"36nemtr": 0.2248585771049626,
	"455rxwvi": 0.38949184777144397,
	"83nemct": 0.21802693676726,
	"92jdeki": 0.17291741062219282,
	"358gnbfp": 0.16527548956702476,
	"12cfiay": 0.26378483693431987,
	"455bovef": 0.28007456178200363,
	"214awkim": 0.2352663099277646,
	"182jdops": 0.28007456178200363,
	"414fmuvz": 0.18794932004994835,
	"8vsfpe": 0.1940549219389671,
	"83muylw": 0.20799601632719109,
	"488ojalk": 0.21204056098693752,
	"240brjcq": 0.28651128580185664,
	"332bytcu": 0.3317268837819336,
	"127vwmiy": 0.2324813176276378,
	"1aybtq": 0.1733154201449672,
	"247fvtlu": 0.24487984935039186,
	"352pgzhm": 0.25311485607212153,
	"465inots": 0.2240298746735808,
	"53szfwh": 0.2437838914872416,
	"265ujwxr": 0.1991825719027457,
	"250dycaw": 0.24563041239607614,
	"56paodl": 0.37992581028817013,
	"75awikp": 0.21937972826786784,
	"227faxye": 0.31818237431709784,
	"501ldnvu": 0.27142067752166593,
	"436inwes": 0.2282733752418864,
	"510ibwsy": 0.3529850608598958,
	"16lfxpi": 0.23896550969527147,
	"436waxtv": 0.1955543654991716,
	"54lhmpa": 0.25076661693406266,
	"247aiuws": 0.17751330054275435,
	"189vnzha": 0.3538910052514874,
	"4omqjl": 0.18818271244236706,
	"156jzsnu": 0.229780389971572,
	"26zbqmi": 0.24836239428560208,
	"60biqrl": 0.15627351077001223,
	"123ltipw": 0.23474388904816823,
	"163dtemw": 0.26600059718686087,
	"124vzfao": 0.2092831280940816,
	"78kdurf": 0.2218370157670184,
	"314wmcxk": 0.42727313752958307,
	"64nphdx": 0.1903312772409502,
	"104mpxju": 0.24702295693413928,
	"28wktlc": 0.20008377071488553,
	"34obxhk": 0.252425933718579,
	"4jlnce": 0.2843776634974179,
	"62arish": 0.19947595368582816,
	"72udkjy": 0.31674031282027637,
	"175oeulm": 0.3308110572721839,
	"215pbzdq": 0.23466224453635673,
	"407zlhba": 0.23663972696168398,
	"447uzawe": 0.30285694775850325,
	"90lsexn": 0.2903391261960395,
	"317djzsk": 0.1906767261715771,
	"50jgozs": 0.24347193927671407,
	"89mnieg": 0.19255314368932402,
	"90wldcm": 0.2737973207547931,
	"242dbvsq": 0.1812076597651222,
	"287pbloj": 0.2254680681458396,
	"296gesxq": 0.26278779449747547,
	"517yezbm": 0.24407956714724816,
	"92iklru": 0.2839205943707147,
	"254ntdyx": 0.16886868525840154,
	"92ekbpw": 0.23047123535838984,
	"287rhvtl": 0.24870458162291276,
	"306adrlh": 0.2322009363382792,
	"37douvg": 0.27377111405036486,
	"175pbhix": 0.1972748743678595,
	"36cjfly": 0.32327249942740777,
	"124ubwsc": 0.2296847077371923,
	"35zcbdr": 0.24923706357900338,
	"89slkgn": 0.19634843970790963,
	"358hpbei": 0.1677586950761242,
	"182ojrua": 0.28007456178200363,
	"225jhyzs": 0.23212755612556785,
	"407lmtab": 0.19873028967964215,
	"71ejbpw": 0.19729166341895998,
	"2krluv": 0.2142890193503386,
	"62fuzth": 0.2191051031514923,
	"102rwenf": 0.20994290785007733,
	"208fqmes": 0.20215610544606707,
	"130ynhka": 0.2699434813604842,
	"455ulrwj": 0.2229307464819798,
	"211dkfqp": 0.22850942643896038,
	"104hkaoi": 0.27316603534812595,
	"113jldri": 0.32154958759347285,
	"478ayibr": 0.28057706697226004,
	"70lzyfo": 0.21465295554824415,
	"144kswyx": 0.3538910052514874,
	"16gshkt": 0.3471980273804949,
	"16ysofp": 0.30285694775850325,
	"142hezuk": 0.24312498687606207,
	"189akxnp": 0.2506515670255549,
	"195jrsib": 0.20545810125326125,
	"517skhda": 0.1774694364831371,
	"137byiqw": 0.21321118853755255,
	"213arkxy": 0.42405354483969926,
	"177cpwgl": 0.311255867456283,
	"429fylha": 0.18024857824064072,
	"31zkirp": 0.18153096884485226,
	"192qcpav": 0.2749954073396418,
	"534tbfcv": 0.25681848541776264,
	"137imqgc": 0.23809681585447656,
	"215lahxu": 0.2555421303447905,
	"122wphfj": 0.27816190979659516,
	"182ktahd": 0.3370960694961779,
	"89ienhm": 0.21878068620033803,
	"148rpiwt": 0.2218370157670184,
	"139jrksb": 0.3676220665619673,
	"309mrdeb": 0.1949591997887714,
	"418dxaom": 0.19295804801596114,
	"250wyqdf": 0.27979472227328994,
	"250palif": 0.23463892801731678,
	"247vmecs": 0.18908416919248963,
	"478cvshk": 0.20772813010532087,
	"534xrfcz": 0.216564056998907,
	"8opxae": 0.24340420048403116,
	"250rdmqt": 0.24318085196646336,
	"401ixmyu": 0.24340420048403116,
	"436ezrao": 0.2670183964368785,
	"145orunv": 0.22037070297429784,
	"546erdmg": 0.19355184115330826,
	"145orusl": 0.18405868253519989,
	"92jqgrn": 0.2660734098031589,
	"53pocth": 0.2855530261717453,
	"142rayte": 0.3538910052514874,
	"160zneta": 0.2806996424075373,
	"104cmshv": 0.18536286723123685,
	"154gdioc": 0.21645591132067632,
	"192gvilt": 0.280268884993442,
	"35kfebu": 0.23038038275464573,
	"207brwha": 0.19291629538944963,
	"104ifbuw": 0.32154958759347285,
	"151bcxvd": 0.18232749666528278,
	"306tywog": 0.2522025547304251,
	"72wfutq": 0.24325470487650047,
	"147doxpw": 0.22840962147410443,
	"11lzstw": 0.22581869039673078,
	"40qmuzv": 0.24768535758935692,
	"429enuhc": 0.17367814475740992,
	"35ytwug": 0.20469651881108006,
	"313imvql": 0.24158345813059595,
	"506jfvmn": 0.27205832478145964,
	"71dnkqy": 0.2085898121149777,
	"142kvaem": 0.3538910052514874,