{
	"338uylhe": 0.2373036636559443,
	"651envza": 0.21631458118602576,
	"913tguqk": 0.26893871484019527,
	"142qmcty": 0.3538910052514874,
	"15obfre": 0.2274929984594563,
	"111rjkvy": 0.2586979801335058,
	"885zrmdy": 0.22274939144382588,
	"506ubahn": 0.202741076349502,
	"169jaktv": 0.2741057901518531,
	"10fxphi": 0.20104421511844794,
	"417frxgn": 0.29487190887295606,
	"618rtygc": 0.21656703624083343,
	"60gfdxi": 0.18464649214360981,
	"212agzik": 0.25351834588702393,
	"144owird": 0.2998577300620594,
	"446dgkql": 0.29205309949291935,
	"146gynsw": 0.2239591937219662,
	"151lfaig": 0.27377111405036486,
	"126dqtul": 0.21216021216289843,
	"573hqpbe": 0.25562461643864204,
	"243lnzvr": 0.21122844177435063,
	"687lxwun": 0.25508906087921784,
	"163rgewi": 0.20840275530447933,
	"868qezwi": 0.20773696461739422,
	"139blvzk": 0.27123664812736786,
	"23jrmsl": 0.2652303867011945,
	"81ogbnm": 0.20681651345211094,
	"828xsrdi": 0.2291185150227007,
	"590dsyzc": 0.18941290184567466,
	"771ypmjd": 0.21953414246750924,
	"540daemi": 0.2485524695365593,
	"918zdsig": 0.21786592875593297,
	"268mlkfb": 0.3179914965722224,
	"465sdnok": 0.22362692772088572,
	"438jicef": 0.2855530261717453,
	"1xtkcd": 0.26378483693431987,
	"663ksejw": 0.23466511229114428,
	"487tdglx": 0.2555191524497114,
	"51mkjhd": 0.21483363759687318,
	"2dskvu": 0.266342626360213,
	"741mzled": 0.3472555392306483,
	"180ctdpn": 0.19399527946573214,
	"78zsylg": 0.23212755612556785,
	"900odthz": 0.24447142992795456,
	"50csanx": 0.22589217137190576,
	"278rsqwt": 0.3444935529358238,
	"312omupk": 0.22159146590713247,
	"662eulad": 0.16650029737749353,
	"7ehbcg": 0.3336944945310303,
	"25hkfiz": 0.24548159219844098,
	"779adzml": 0.24969327366362037,
	"849sjtai": 0.2110663134825647,
	"333grdnp": 0.21026019215656,
	"201bdvhg": 0.23474412379229204,
	"757plbsa": 0.2855530261717453,
	"401dawrh": 0.28277411637189953,
	"202rkyuf": 0.22880314705755112,
	"267cfbaz": 0.2645974664405376,
	"299plcxq": 0.26532164351988397,
	"617fguqp": 0.20473073351888355,
	"555fjhwm": 0.20298992993705953,
	"530hygmk": 0.34610982357616704,
	"332hxoyi": 0.22629440114341315,
	"148fasog": 0.2712789901073254,
	"898qlvcu": 0.21105649362256024,
	"145acqgu": 0.24140186189088836,
	"563yrokx": 0.31100657492795025,
	"706cbywu": 0.2728547547719056,
	"419dnkzf": 0.2734955900160291,
	"796bszxf": 0.22459045729701788,
	"292qwbga": 0.24836239428560208,
	"358ioxyr": 0.1821398374997551,
	"185fhjlv": 0.2606808792109456,
	"772sinug": 0.24182587911369172,
	"12fhtou": 0.2247827450171976,
	"402dcubx": 0.21890996308416724,
	"634fvglx": 0.23738742456231526,
	"215efmcu": 0.2660734098031589,
	"749ptyub": 0.2893646552671233,
	"316ujdlz": 0.2574154109533504,
	"246vhrqw": 0.23761704930007124,
	"321kcvqu": 0.3046242245289164,
	"968wkgxc": 0.2527478609319625,
	"713wugqt": 0.24245086240307134,
	"946zlhow": 0.30963267386844884,
	"432kwpdg": 0.262676878611532,
	"328wkgdn": 0.3471980273804949,
	"296uocyg": 0.3046242245289164,
	"870hyrve": 0.18864442574642118,
	"230wvryo": 0.2398211444041501,
	"578dytqe": 0.24836239428560208,
	"707jcige": 0.4955676855064205,
	"608fpauq": 0.24585784031985256,
	"382dwfsj": 0.24627041377549763,
	"171ltrek": 0.27016450913125245,
	"603hyncq": 0.2279397844029309,
	"971qnclh": 0.2296847077371923,
	"265kwzjd": 0.2373336025732356,
	"92cjqml": 0.2555191524497114,
	"90bcevq": 0.32327249942740777,
	"866bseuz": 0.2717504922494206,
	"240bsonk": 0.23025696179325567,
	"120imfvb": 0.20120543023669285,
	"990mcgpu": 0.24815580224264905,
	"660yxlwv": 0.2203707029742978,
	"217loekf": 0.27377111405036486,
	"588psdey": 0.18654348299044224,
	"901aurkf": 0.2402643491758609,
	"21bhfds": 0.21742242650161753,
	"708vtfec": 0.23474412379229204,
	"403czfsk": 0.2560875617820851,
	"91vhaxw": 0.256011675144282,
	"33uakop": 0.21432894077633316,
	"447qjuvt": 0.24805138484003192,
	"678pysto": 0.2652303867011945,
	"16qcuwe": 0.28071584862296123,
	"856fruwb": 0.2501738220740668,
	"130mzcgw": 0.24836239428560208,
	"765yexct": 0.24836239428560208,
	"633dwzvp": 0.3112561787124617,
	"207udtkg": 0.20730249514138088,
	"75gveru": 0.22758369945725007,
	"84qcdto": 0.22425055504240696,
	"55spghe": 0.2164984842997597,
	"501powqk": 0.2247827450171976,
	"192hlmae": 0.3625525983795026,
	"683vyqxm": 0.24693259483070523,
	"19hbmfe": 0.20158216454009847,
	"66awnjx": 0.18120078658750602,
	"133sohgb": 0.23500021326393783,
	"360xsftb": 0.22220115236920995,
	"254anlbr": 0.3087843830711943,
	"658hzegu": 0.23466511229114428,
	"519knpac": 0.2277632975177003,
	"956duogr": 0.21385160793111907,
	"83tibcq": 0.24158345813059595,
	"313bfoce": 0.23042437520150869,
	"56ohkvj": 0.41881946767345646,
	"451mfkog": 0.3460168692404769,
	"492tlyzh": 0.3108689090057354,
	"594wbmzx": 0.23554326904577155,
	"155esgcj": 0.3538910052514874,
	"221baomt": 0.22913669539454387,
	"429ogdbk": 0.2855530261717453,
	"805dsoqy": 0.2584337998600014,
	"742vloem": 0.286866580302733,
	"79shujm": 0.23042004390915755,
	"324ymdlw": 0.19099553839704977,
	"904hxgqw": 0.22480083517610364,
	"4jzvpm": 0.22125267165971313,
	"40zkgvi": 0.3342402370902984,
	"666xjfzn": 0.23441377384401946,
	"132bfoav": 0.2421465363840567,
	"6qvjyh": 0.2885669264518581,
	"52ajkif": 0.2797459789002511,
	"149psuwr": 0.22675994907441488,
	"976sabue": 0.2606808792109456,
	"614mtlzb": 0.22643590509404105,
	"356ndusv": 0.18978349632884012,
	"727afkrs": 0.27205832478145964,
	"119qmivx": 0.21372491757550977,
	"546vljxg": 0.35160937759573085,
	"213rlyam": 0.184887786896555,
	"233qrkwt": 0.3004548052201186,
	"31vxfzr": 0.22419736423993897,
	"814cqghx": 0.31047980427580707,
	"407bctxs": 0.2729566748154503,
	"125qfsvu": 0.3471980273804949,
	"534tvmze": 0.24594756800029666,
	"204ovuzj": 0.20870339733887194,
	"884zrhcs": 0.27377111405036486,
	"710ectar": 0.2855530261717453,
	"726bgxiq": 0.31505309254402875,
	"747liqgn": 0.38281567596735916,
	"803tcufj": 0.24149837773812038,
	"309vpgto": 0.33628158858133317,
	"369wqjsv": 0.226609554922164,
	"143spfya": 0.24002330180559073,
	"736duzif": 0.21558266650371433,
	"544ulscz": 0.25409350475651177,
	"195lktmq": 0.28232484037701544,
	"289jgaks": 0.24196916274894914,
	"160gvcrn": 0.1879786450813872,
	"503pmitc": 0.21563429678196155,
	"191hqfrn": 0.18048612869890307,
	"178ikvag": 0.2341273208627543,
	"975aovtp": 0.2373036636559443,
	"510upqsg": 0.3450092718846236,
	"147xyqfo": 0.22805847758139897,
	"216eiqtf": 0.20250206620902253,
	"218cimhn": 0.2639625583324694,
	"368jvpdl": 0.2855530261717453,
	"398zdjag": 0.21631458118602576,
	"714tmwdz": 0.1586744100058528,
	"815sreom": 0.23474412379229204,
	"154jqgwc": 0.31541923254436866,
	"62znbyv": 0.21955116267772287,
	"934oqpsa": 0.23999786433971382,
	"482bnuyt": 0.22847925788491696,
	"413atvfb": 0.2137739607046933,
	"787oxhuc": 0.23540287522533412,
	"288rsvgd": 0.32533445173119696,
	"331eluhp": 0.22280693662678713,
	"947usotf": 0.23845746020688846,
	"270osjct": 0.2855530261717453,
	"977olbte": 0.3179914965722224,
	"731knjdf": 0.23738742456231526,
	"293ehdan": 0.3471980273804949,
	"36yhfdl": 0.2819597056183376,
	"18lurxb": 0.19876672778479548,
	"769tvygw": 0.3812669439301474,
	"688ydrbn": 0.19573311337269575,
	"59qgnme": 0.3472555392306483,
	"302vzens": 0.20984824652823686,
	"759otdyj": 0.30724661637803463,
	"99srcgn": 0.25918593956163843,
	"665xlcrw": 0.24245086240307134,
	"560fmzdi": 0.24095175091429377,
	"34dpzle": 0.26163712841381115,
	"104xdjnz": 0.26786076871311965,
	"524hmjkg": 0.278832815846734,
	"208oyfcb": 0.21392837387865465,
	"211vorjf": 0.22850942643896038,
	"455vqfyu": 0.2107912016005152,
	"172vldnw": 0.23500021326393783,
	"189funma": 0.24958552930253924,
	"308zrsbh": 0.22658881812513434,
	"295gwohz": 0.3108689090057354,
	"949ipejz": 0.3538910052514874,
	"224galcm": 0.2239136335095839,
	"46ebhsq": 0.2573862404440726,
	"107uvrfj": 0.26469138661435593,
	"640mbnax": 0.21841825085120586,
	"297qhzin": 0.22220115236920995,
	"832rvfuy": 0.2296073372572127,
	"854sjohp": 0.3179914965722224,
	"320amksd": 0.2998577300620594,
	"607lbwxr": 0.2209893100111842,
	"182xiqtm": 0.3667017650182888,